{
  "project_info": {
    "project_number": "652040171512",
    "firebase_url": "https://blogger-app-89cc1.firebaseio.com",
    "project_id": "blogger-app-89cc1",
    "storage_bucket": "blogger-app-89cc1.appspot.com"
  },
  "client": [
    {
      "client_info": {
        "mobilesdk_app_id": "1:652040171512:android:75021d4e82f9210c1ef00d",
        "android_client_info": {
          "package_name": "com.example.blogger"
        }
      },
      "oauth_client": [
        {
          "client_id": "652040171512-kb7cl8f3epf6lba5lqjvebuhavtk6sjq.apps.googleusercontent.com",
          "client_type": 3
        }
      ],
      "api_key": [
        {
          "current_key": "AIzaSyAtA1pjyTP4HIlz21B37qjRV2xOUF8BMGo"
        }
      ],
      "services": {
        "appinvite_service": {
          "other_platform_oauth_client": [
            {
              "client_id": "652040171512-kb7cl8f3epf6lba5lqjvebuhavtk6sjq.apps.googleusercontent.com",
              "client_type": 3
            }
          ]
        }
      }
    }
  ],
  "configuration_version": "1"
}